benchmark,variables,run,wall_ms,cpu_percent,max_rss_kb,exit_code
challenge_500,500,1,4.982704,50.0,4096,0
challenge_500,500,2,4.149384,33.0,3968,0
challenge_500,500,3,4.423063,33.0,4096,0
challenge_500,500,4,4.425151,33.0,4096,0
challenge_500,500,5,4.334942,33.0,3968,0
challenge_500,500,6,4.165176,33.0,3968,0
challenge_500,500,7,4.111092,33.0,3968,0
challenge_500,500,8,4.663665,25.0,4096,0
challenge_500,500,9,4.057819,33.0,3968,0
challenge_500,500,10,3.852398,33.0,4096,0
challenge_500,500,11,4.093706,33.0,4096,0
challenge_500,500,12,3.787187,33.0,3968,0
challenge_500,500,13,4.20662,33.0,4096,0
challenge_500,500,14,4.340605,33.0,3968,0
challenge_500,500,15,4.580149,33.0,4096,0
challenge_500,500,16,4.275015,33.0,3968,0
challenge_500,500,17,4.302094,33.0,3968,0
challenge_500,500,18,3.89108,33.0,3968,0
challenge_500,500,19,4.283189,33.0,3968,0
challenge_500,500,20,4.226076,33.0,4096,0
challenge_5000,5000,1,7.757644,71.0,4480,0
challenge_5000,5000,2,7.333393,66.0,4480,0
challenge_5000,5000,3,7.835409,71.0,4608,0
challenge_5000,5000,4,8.012946,57.0,4608,0
challenge_5000,5000,5,7.434047,83.0,4480,0
challenge_5000,5000,6,7.540508,83.0,4608,0
challenge_5000,5000,7,7.852153,71.0,4608,0
challenge_5000,5000,8,7.98146,57.0,4608,0
challenge_5000,5000,9,7.782529,71.0,4608,0
challenge_5000,5000,10,7.206139,66.0,4608,0
challenge_5000,5000,11,7.635324,83.0,4480,0
challenge_5000,5000,12,7.568806,66.0,4608,0
challenge_5000,5000,13,7.779012,57.0,4608,0
challenge_5000,5000,14,8.125238,71.0,4480,0
challenge_5000,5000,15,8.439995,85.0,4480,0
challenge_5000,5000,16,8.144725,71.0,4352,0
challenge_5000,5000,17,8.013245,71.0,4608,0
challenge_5000,5000,18,8.281297,71.0,4608,0
challenge_5000,5000,19,8.007747,71.0,4480,0
challenge_5000,5000,20,8.22026,57.0,4608,0
challenge_50000,50000,1,55.480199,103.0,9700,0
challenge_50000,50000,2,53.254365,103.0,9700,0
challenge_50000,50000,3,72.665418,104.0,9700,0
challenge_50000,50000,4,59.363629,101.0,9704,0
challenge_50000,50000,5,55.109686,101.0,9700,0
challenge_50000,50000,6,51.248597,102.0,9696,0
challenge_50000,50000,7,53.590824,101.0,9700,0
challenge_50000,50000,8,51.913362,100.0,9704,0
challenge_50000,50000,9,50.116255,100.0,9700,0
challenge_50000,50000,10,53.719558,103.0,9704,0
challenge_50000,50000,11,59.255209,103.0,9700,0
challenge_50000,50000,12,51.857227,104.0,9704,0
challenge_50000,50000,13,51.846675,104.0,9700,0
challenge_50000,50000,14,52.874311,103.0,9688,0
challenge_50000,50000,15,52.287401,103.0,9696,0
challenge_50000,50000,16,58.513287,103.0,9700,0
challenge_50000,50000,17,54.12192,103.0,9704,0
challenge_50000,50000,18,56.631388,103.0,9696,0
challenge_50000,50000,19,54.887663,103.0,9700,0
challenge_50000,50000,20,54.429497,103.0,9700,0
