source,table_index,row_kind,key,value,notes,col_0,col_1,col_2,col_3,col_4,col_5
muzeel,1,record,1 yrevocsiD,{'gnissecorperP': '1 yrevocsiD'},,1 yrevocsiD,N/A,N/A,N/A,N/A,N/A
muzeel,1,record,2 noitanimilE,{'gnissecorperP': '2 noitanimilE'},,2 noitanimilE,N/A,N/A,N/A,N/A,N/A
muzeel,2,record,,"{'Retrieve JS': '', 'col_1': '', 'col_2': '', 'col_3': 'R', 'Update JS': ''}",,,,,R,,N/A
muzeel,3,record,<body>,{'<html>': '<body>'},,<body>,N/A,N/A,N/A,N/A,N/A
muzeel,3,record,"<div id=""div1"">","{'<html>': '<div id=""div1"">'}",,"<div id=""div1"">",N/A,N/A,N/A,N/A,N/A
muzeel,3,record,<button></button>,{'<html>': '<button></button>'},,<button></button>,N/A,N/A,N/A,N/A,N/A
muzeel,3,record,</div>,{'<html>': '</div>'},,</div>,N/A,N/A,N/A,N/A,N/A
muzeel,3,record,"<div class=""divClass2"">","{'<html>': '<div class=""divClass2"">'}",,"<div class=""divClass2"">",N/A,N/A,N/A,N/A,N/A
muzeel,3,record,"<a style=""color:blue;""></a>","{'<html>': '<a style=""color:blue;""></a>'}",,"<a style=""color:blue;""></a>",N/A,N/A,N/A,N/A,N/A
muzeel,3,record,</div>,{'<html>': '</div>'},,</div>,N/A,N/A,N/A,N/A,N/A
muzeel,3,record,</body>,{'<html>': '</body>'},,</body>,N/A,N/A,N/A,N/A,N/A
muzeel,3,record,</html>,{'<html>': '</html>'},,</html>,N/A,N/A,N/A,N/A,N/A
muzeel,4,record,,"{'1.0 12000 FDC 0.5 10000 ycneuqerF 0.0 8000 101 103 Eliminated 6000 functions 4000 2000 0 100 101 102 103 104 105 106 Number of eliminated functions': '', '1.0 8000 FDC 0.5 6000 ycneuqerF 0.0 10−1 102 Eliminated size 4000 (KBytes) 2000 0 100 101 102 103 104 105 Eliminated size (KBytes)': '', '700 1.0 600 FDC 0.5 500 ycneuqerF 0.0 400 101 103 Eliminated functions 300 200 100 0 100 101 102 103 104 Number of eliminated functions': '', 'col_3': '', '1.0': 'FDC 0.5', 'col_5': ''}",,,,,,FDC 0.5,
muzeel,4,record,,"{'1.0 12000 FDC 0.5 10000 ycneuqerF 0.0 8000 101 103 Eliminated 6000 functions 4000 2000 0 100 101 102 103 104 105 106 Number of eliminated functions': '', '1.0 8000 FDC 0.5 6000 ycneuqerF 0.0 10−1 102 Eliminated size 4000 (KBytes) 2000 0 100 101 102 103 104 105 Eliminated size (KBytes)': '', '700 1.0 600 FDC 0.5 500 ycneuqerF 0.0 400 101 103 Eliminated functions 300 200 100 0 100 101 102 103 104 Number of eliminated functions': '', 'col_3': '', '1.0': '0.0', 'col_5': ''}",,,,,,0.0,
muzeel,4,record,,"{'1.0 12000 FDC 0.5 10000 ycneuqerF 0.0 8000 101 103 Eliminated 6000 functions 4000 2000 0 100 101 102 103 104 105 106 Number of eliminated functions': '', '1.0 8000 FDC 0.5 6000 ycneuqerF 0.0 10−1 102 Eliminated size 4000 (KBytes) 2000 0 100 101 102 103 104 105 Eliminated size (KBytes)': '', '700 1.0 600 FDC 0.5 500 ycneuqerF 0.0 400 101 103 Eliminated functions 300 200 100 0 100 101 102 103 104 Number of eliminated functions': '', 'col_3': '', '1.0': '101 103 Eliminated function', 'col_5': 's'}",,,,,,101 103 Eliminated function,s
muzeel,5,record,row_0,"{'col_0': 'FDC', '1.0': '0.5', 'col_2': ''}",,FDC,0.5,,N/A,N/A,N/A
muzeel,5,record,row_1,"{'col_0': '', '1.0': '0.0', 'col_2': ''}",,,0.0,,N/A,N/A,N/A
muzeel,5,record,row_2,"{'col_0': '', '1.0': '101 103 Eliminated functions', 'col_2': ''}",,,101 103 Eliminated functions,,N/A,N/A,N/A
muzeel,6,record,FDC 0.5 0.0,"{'1.0': 'FDC 0.5 0.0', 'col_1': '', 'col_2': ''}",,FDC 0.5 0.0,,,N/A,N/A,N/A
muzeel,6,record,10−1 1 Eliminated (KBytes,"{'1.0': '10−1 1 Eliminated (KBytes', 'col_1': '', 'col_2': '02 size )'}",,10−1 1 Eliminated (KBytes,,02 size ),N/A,N/A,N/A
muzeel,7,record,,"{'1.0 700 FDC 600 0.5 ycneuqerF 500 0.0 101 104 400 Size (KBytes) 300 200 100 0 10−1 100 101 102 103 104 Eliminated size (KBytes)': '', '1.0': 'FDC 0.5', 'col_2': '', 'col_3': '', '2000 1.0 1750 0.8 1500 0.6 FDC ycneuqerF 0.4 1250 0.2 1000 0.0 750 0 20 40 60 500 Time (m) 250 0 0 5 10 15 20 25 30 Time (m)': '', '1.0 Structural Muzeel Structural Lacuna 0.8 Functional Muzeel Functional Lacuna 0.6 FDC 0.4 0.2 0.0 0 20 40 60 80 10 Similarity Score (%)': '', 'col_6': 'Functional Muzeel Functional Lacuna', 'Structural Muzeel Structural Lacuna': '', 'col_8': ''}",,,FDC 0.5,,,,
muzeel,7,record,,"{'1.0 700 FDC 600 0.5 ycneuqerF 500 0.0 101 104 400 Size (KBytes) 300 200 100 0 10−1 100 101 102 103 104 Eliminated size (KBytes)': '', '1.0': '0.0 101', 'col_2': '104', 'col_3': '', '2000 1.0 1750 0.8 1500 0.6 FDC ycneuqerF 0.4 1250 0.2 1000 0.0 750 0 20 40 60 500 Time (m) 250 0 0 5 10 15 20 25 30 Time (m)': '', '1.0 Structural Muzeel Structural Lacuna 0.8 Functional Muzeel Functional Lacuna 0.6 FDC 0.4 0.2 0.0 0 20 40 60 80 10 Similarity Score (%)': '', 'col_6': '', 'Structural Muzeel Structural Lacuna': '', 'col_8': ''}",,,0.0 101,104,,,
muzeel,7,record,,"{'1.0 700 FDC 600 0.5 ycneuqerF 500 0.0 101 104 400 Size (KBytes) 300 200 100 0 10−1 100 101 102 103 104 Eliminated size (KBytes)': '', '1.0': 'Size (KByte', 'col_2': 's)', 'col_3': '', '2000 1.0 1750 0.8 1500 0.6 FDC ycneuqerF 0.4 1250 0.2 1000 0.0 750 0 20 40 60 500 Time (m) 250 0 0 5 10 15 20 25 30 Time (m)': '', '1.0 Structural Muzeel Structural Lacuna 0.8 Functional Muzeel Functional Lacuna 0.6 FDC 0.4 0.2 0.0 0 20 40 60 80 10 Similarity Score (%)': '', 'col_6': '', 'Structural Muzeel Structural Lacuna': '', 'col_8': ''}",,,Size (KByte,s),,,
muzeel,8,raw,table_8_row_0,0 20 Time | 40 (m) |  | 6,no header/body split,N/A,N/A,N/A,N/A,N/A,N/A
muzeel,9,record,,"{'1.0 0.8 0.6 FDC lowEnd (3G) 0.4 highEnd (3G) lowEnd (LTE) 0.2 highEnd (LTE) lowEnd (LTE+) 0.0 highEnd (LTE+) -1 0 1 10 100 Delta first contenful paint (s)': '', '1.0 0.8 0.6 FDC lowEnd (3G) 0.4 highEnd (3G) lowEnd (LTE) 0.2 highEnd (LTE) lowEnd (LTE+) 0.0 highEnd (LTE+) -10 -1 0 1 10 100 Delta speed index (s)': '', 'col_2': '', 'col_3': '', 'col_4': '', 'col_5': '', 'col_6': '', 'col_7': '', '1.0 lowEnd (3G) highEnd (3G) 0.8 lowEnd (LTE) highEnd (LTE) 0.6 lowEnd (LTE+) FDC highEnd (LTE+) 0.4 0.2 0.0 -10 -1 0 1 10 100 Delta page load time (s)': '', 'col_9': '', 'lowEnd highEnd': 'lowEnd highEnd lowEnd', '(3G) (3G': '(LTE) (LTE (LTE', ')': ') +)', 'col_13': '', 'col_14': '', 'col_15': '', 'col_16': '', '1.0 0.8 0.6 FDC lowEnd (3G) 0.4 highEnd (3G) lowEnd (LTE) 0.2 highEnd (LTE) lowEnd (LTE+) 0.0 highEnd (LTE+) 0 1 2 3 4 Delta Size (MB)': '', 'col_18': '', 'col_19': '', 'col_20': '', 'col_21': '', 'col_22': '', 'col_23': ''}",,,,,,,
muzeel,9,record,,"{'1.0 0.8 0.6 FDC lowEnd (3G) 0.4 highEnd (3G) lowEnd (LTE) 0.2 highEnd (LTE) lowEnd (LTE+) 0.0 highEnd (LTE+) -1 0 1 10 100 Delta first contenful paint (s)': '', '1.0 0.8 0.6 FDC lowEnd (3G) 0.4 highEnd (3G) lowEnd (LTE) 0.2 highEnd (LTE) lowEnd (LTE+) 0.0 highEnd (LTE+) -10 -1 0 1 10 100 Delta speed index (s)': '', 'col_2': '', 'col_3': '', 'col_4': '', 'col_5': '', 'col_6': '', 'col_7': '', '1.0 lowEnd (3G) highEnd (3G) 0.8 lowEnd (LTE) highEnd (LTE) 0.6 lowEnd (LTE+) FDC highEnd (LTE+) 0.4 0.2 0.0 -10 -1 0 1 10 100 Delta page load time (s)': '', 'col_9': '', 'lowEnd highEnd': 'highEnd', '(3G) (3G': '(LTE', ')': '+)', 'col_13': '', 'col_14': '', 'col_15': '', 'col_16': '', '1.0 0.8 0.6 FDC lowEnd (3G) 0.4 highEnd (3G) lowEnd (LTE) 0.2 highEnd (LTE) lowEnd (LTE+) 0.0 highEnd (LTE+) 0 1 2 3 4 Delta Size (MB)': '', 'col_18': '', 'col_19': '', 'col_20': '', 'col_21': '', 'col_22': '', 'col_23': '(3G)'}",,,,,,,
muzeel,9,record,,"{'1.0 0.8 0.6 FDC lowEnd (3G) 0.4 highEnd (3G) lowEnd (LTE) 0.2 highEnd (LTE) lowEnd (LTE+) 0.0 highEnd (LTE+) -1 0 1 10 100 Delta first contenful paint (s)': '', '1.0 0.8 0.6 FDC lowEnd (3G) 0.4 highEnd (3G) lowEnd (LTE) 0.2 highEnd (LTE) lowEnd (LTE+) 0.0 highEnd (LTE+) -10 -1 0 1 10 100 Delta speed index (s)': '', 'col_2': '', 'col_3': '', 'col_4': '', 'col_5': 'lowE', 'col_6': 'nd (3G)', 'col_7': '', '1.0 lowEnd (3G) highEnd (3G) 0.8 lowEnd (LTE) highEnd (LTE) 0.6 lowEnd (LTE+) FDC highEnd (LTE+) 0.4 0.2 0.0 -10 -1 0 1 10 100 Delta page load time (s)': '', 'col_9': '', 'lowEnd highEnd': '', '(3G) (3G': '', ')': '', 'col_13': '', 'col_14': '', 'col_15': '', 'col_16': '', '1.0 0.8 0.6 FDC lowEnd (3G) 0.4 highEnd (3G) lowEnd (LTE) 0.2 highEnd (LTE) lowEnd (LTE+) 0.0 highEnd (LTE+) 0 1 2 3 4 Delta Size (MB)': '', 'col_18': '', 'col_19': '', 'col_20': '', 'col_21': '', 'col_22': 'lowEnd', 'col_23': ''}",,,,,,,lowE
muzeel,9,record,,"{'1.0 0.8 0.6 FDC lowEnd (3G) 0.4 highEnd (3G) lowEnd (LTE) 0.2 highEnd (LTE) lowEnd (LTE+) 0.0 highEnd (LTE+) -1 0 1 10 100 Delta first contenful paint (s)': '', '1.0 0.8 0.6 FDC lowEnd (3G) 0.4 highEnd (3G) lowEnd (LTE) 0.2 highEnd (LTE) lowEnd (LTE+) 0.0 highEnd (LTE+) -10 -1 0 1 10 100 Delta speed index (s)': '', 'col_2': '', 'col_3': '', 'col_4': '', 'col_5': 'high lowE high', 'col_6': 'End (3G) nd (LTE) End (LTE)', 'col_7': '', '1.0 lowEnd (3G) highEnd (3G) 0.8 lowEnd (LTE) highEnd (LTE) 0.6 lowEnd (LTE+) FDC highEnd (LTE+) 0.4 0.2 0.0 -10 -1 0 1 10 100 Delta page load time (s)': '', 'col_9': '', 'lowEnd highEnd': '', '(3G) (3G': '', ')': '', 'col_13': '', 'col_14': '', 'col_15': '', 'col_16': '', '1.0 0.8 0.6 FDC lowEnd (3G) 0.4 highEnd (3G) lowEnd (LTE) 0.2 highEnd (LTE) lowEnd (LTE+) 0.0 highEnd (LTE+) 0 1 2 3 4 Delta Size (MB)': '', 'col_18': '', 'col_19': '', 'col_20': '', 'col_21': '', 'col_22': 'highEnd lowEnd highEnd', 'col_23': '(3G) (LTE) (LTE)'}",,,,,,,high lowE high
muzeel,9,record,,"{'1.0 0.8 0.6 FDC lowEnd (3G) 0.4 highEnd (3G) lowEnd (LTE) 0.2 highEnd (LTE) lowEnd (LTE+) 0.0 highEnd (LTE+) -1 0 1 10 100 Delta first contenful paint (s)': '', '1.0 0.8 0.6 FDC lowEnd (3G) 0.4 highEnd (3G) lowEnd (LTE) 0.2 highEnd (LTE) lowEnd (LTE+) 0.0 highEnd (LTE+) -10 -1 0 1 10 100 Delta speed index (s)': '', 'col_2': '', 'col_3': '', 'col_4': '', 'col_5': 'lowE high', 'col_6': 'nd (LTE+ End (LTE+', 'col_7': ') )', '1.0 lowEnd (3G) highEnd (3G) 0.8 lowEnd (LTE) highEnd (LTE) 0.6 lowEnd (LTE+) FDC highEnd (LTE+) 0.4 0.2 0.0 -10 -1 0 1 10 100 Delta page load time (s)': '', 'col_9': '', 'lowEnd highEnd': '', '(3G) (3G': '', ')': '', 'col_13': '', 'col_14': '', 'col_15': '', 'col_16': '', '1.0 0.8 0.6 FDC lowEnd (3G) 0.4 highEnd (3G) lowEnd (LTE) 0.2 highEnd (LTE) lowEnd (LTE+) 0.0 highEnd (LTE+) 0 1 2 3 4 Delta Size (MB)': '', 'col_18': '', 'col_19': '', 'col_20': '', 'col_21': '', 'col_22': 'lowEnd highEnd', 'col_23': '(LTE+) (LTE+)'}",,,,,,,lowE high
muzeel,10,record,row_0,"{'col_0': '', 'col_1': '', 'col_2': '', 'lowEn': 'highE lowEn highE', 'd (3G)': 'nd (3G) d (LTE) nd (LTE)'}",,,,,highE lowEn highE,nd (3G) d (LTE) nd (LTE),N/A
muzeel,10,record,row_1,"{'col_0': '', 'col_1': '', 'col_2': '', 'lowEn': 'lowEn highE', 'd (3G)': 'd (LTE+) nd (LTE+)'}",,,,,lowEn highE,d (LTE+) nd (LTE+),N/A
muzeel,11,record,row_0,"{'col_0': '', '1 (Ma 2': '3 4 5 (pag', 'ny missing': 'es are ide', 'elements': 'ntical)', ')': ''}",,,3 4 5 (pag,es are ide,ntical),,N/A
muzeel,12,record,Mo,"{'Ex Hi': 'Mo', 'treme impa gh impact': 'derate imp', 'ct': 'act', 'Slight i No impa': 'Nothing', 'mpact ct': 'missing'}",,Mo,derate imp,act,Nothing,missing,N/A
muzeel,13,record,,"{'1.0 0.8 0.6 FDC 0.4 Etisalat 4G (UAE) Etisalat 3G (UAE) Vodafone 4G (Ireland) 0.2 Vodafone 3G (Ireland) Mint 4G (US) 0.0 Mint 3G (US) 0 1 10 Delta page size (MB)': '', '1.0 0.8 0.6 FDC 0.4 Etisalat 4G (UAE) Etisalat 3G (UAE) Vodafone 4G (Ireland) 0.2 Vodafone 3G (Ireland) Mint 4G (US) 0.0 Mint 3G (US) -1 0 1 10 Delta Speed Index (s)': '', 'col_2': '', 'col_3': '', 'col_4': '', 'col_5': '', 'col_6': '', '1.0 Etisalat 4G (UAE) Etisalat 3G (UAE) 0.8 Vodafone 4G (Ireland) Vodafone 3G (Ireland) Mint 4G (US) 0.6 FDC Mint 3G (US) 0.4 0.2 0.0 -1 0 1 10 Delta page load time (s)': '', 'Etisa': 'Etisa', 'lat 4G': 'lat 3G', '(UAE)': '(UAE)', 'col_11': '', 'col_12': '', 'col_13': ''}",,,,,,,
muzeel,13,record,,"{'1.0 0.8 0.6 FDC 0.4 Etisalat 4G (UAE) Etisalat 3G (UAE) Vodafone 4G (Ireland) 0.2 Vodafone 3G (Ireland) Mint 4G (US) 0.0 Mint 3G (US) 0 1 10 Delta page size (MB)': '', '1.0 0.8 0.6 FDC 0.4 Etisalat 4G (UAE) Etisalat 3G (UAE) Vodafone 4G (Ireland) 0.2 Vodafone 3G (Ireland) Mint 4G (US) 0.0 Mint 3G (US) -1 0 1 10 Delta Speed Index (s)': '', 'col_2': '', 'col_3': '', 'col_4': '', 'col_5': '', 'col_6': '', '1.0 Etisalat 4G (UAE) Etisalat 3G (UAE) 0.8 Vodafone 4G (Ireland) Vodafone 3G (Ireland) Mint 4G (US) 0.6 FDC Mint 3G (US) 0.4 0.2 0.0 -1 0 1 10 Delta page load time (s)': '', 'Etisa': 'Voda', 'lat 4G': 'fone 4', '(UAE)': 'G (Irel', 'col_11': 'and)', 'col_12': '', 'col_13': ''}",,,,,,,
muzeel,13,record,,"{'1.0 0.8 0.6 FDC 0.4 Etisalat 4G (UAE) Etisalat 3G (UAE) Vodafone 4G (Ireland) 0.2 Vodafone 3G (Ireland) Mint 4G (US) 0.0 Mint 3G (US) 0 1 10 Delta page size (MB)': '', '1.0 0.8 0.6 FDC 0.4 Etisalat 4G (UAE) Etisalat 3G (UAE) Vodafone 4G (Ireland) 0.2 Vodafone 3G (Ireland) Mint 4G (US) 0.0 Mint 3G (US) -1 0 1 10 Delta Speed Index (s)': '', 'col_2': '', 'col_3': '', 'col_4': '', 'col_5': '', 'col_6': '', '1.0 Etisalat 4G (UAE) Etisalat 3G (UAE) 0.8 Vodafone 4G (Ireland) Vodafone 3G (Ireland) Mint 4G (US) 0.6 FDC Mint 3G (US) 0.4 0.2 0.0 -1 0 1 10 Delta page load time (s)': '', 'Etisa': 'Voda', 'lat 4G': 'fone 3', '(UAE)': 'G (Irel', 'col_11': 'and)', 'col_12': '', 'col_13': ''}",,,,,,,
muzeel,13,record,,"{'1.0 0.8 0.6 FDC 0.4 Etisalat 4G (UAE) Etisalat 3G (UAE) Vodafone 4G (Ireland) 0.2 Vodafone 3G (Ireland) Mint 4G (US) 0.0 Mint 3G (US) 0 1 10 Delta page size (MB)': '', '1.0 0.8 0.6 FDC 0.4 Etisalat 4G (UAE) Etisalat 3G (UAE) Vodafone 4G (Ireland) 0.2 Vodafone 3G (Ireland) Mint 4G (US) 0.0 Mint 3G (US) -1 0 1 10 Delta Speed Index (s)': '', 'col_2': '', 'col_3': '', 'col_4': '', 'col_5': '', 'col_6': '', '1.0 Etisalat 4G (UAE) Etisalat 3G (UAE) 0.8 Vodafone 4G (Ireland) Vodafone 3G (Ireland) Mint 4G (US) 0.6 FDC Mint 3G (US) 0.4 0.2 0.0 -1 0 1 10 Delta page load time (s)': '', 'Etisa': 'Mint', 'lat 4G': '4G (US', '(UAE)': ')', 'col_11': '', 'col_12': '', 'col_13': ''}",,,,,,,
muzeel,13,record,,"{'1.0 0.8 0.6 FDC 0.4 Etisalat 4G (UAE) Etisalat 3G (UAE) Vodafone 4G (Ireland) 0.2 Vodafone 3G (Ireland) Mint 4G (US) 0.0 Mint 3G (US) 0 1 10 Delta page size (MB)': '', '1.0 0.8 0.6 FDC 0.4 Etisalat 4G (UAE) Etisalat 3G (UAE) Vodafone 4G (Ireland) 0.2 Vodafone 3G (Ireland) Mint 4G (US) 0.0 Mint 3G (US) -1 0 1 10 Delta Speed Index (s)': '', 'col_2': '', 'col_3': '', 'col_4': '', 'col_5': '', 'col_6': '', '1.0 Etisalat 4G (UAE) Etisalat 3G (UAE) 0.8 Vodafone 4G (Ireland) Vodafone 3G (Ireland) Mint 4G (US) 0.6 FDC Mint 3G (US) 0.4 0.2 0.0 -1 0 1 10 Delta page load time (s)': '', 'Etisa': 'Mint', 'lat 4G': '3G (US', '(UAE)': ')', 'col_11': '', 'col_12': '', 'col_13': ''}",,,,,,,
muzeel,13,record,,"{'1.0 0.8 0.6 FDC 0.4 Etisalat 4G (UAE) Etisalat 3G (UAE) Vodafone 4G (Ireland) 0.2 Vodafone 3G (Ireland) Mint 4G (US) 0.0 Mint 3G (US) 0 1 10 Delta page size (MB)': '', '1.0 0.8 0.6 FDC 0.4 Etisalat 4G (UAE) Etisalat 3G (UAE) Vodafone 4G (Ireland) 0.2 Vodafone 3G (Ireland) Mint 4G (US) 0.0 Mint 3G (US) -1 0 1 10 Delta Speed Index (s)': '', 'col_2': '', 'col_3': '', 'col_4': '', 'col_5': 'Etisalat 4G (UAE', 'col_6': ')', '1.0 Etisalat 4G (UAE) Etisalat 3G (UAE) 0.8 Vodafone 4G (Ireland) Vodafone 3G (Ireland) Mint 4G (US) 0.6 FDC Mint 3G (US) 0.4 0.2 0.0 -1 0 1 10 Delta page load time (s)': '', 'Etisa': '', 'lat 4G': '', '(UAE)': '', 'col_11': '', 'col_12': '', 'col_13': ''}",,,,,,,Etisalat 4G (UAE
muzeel,13,record,,"{'1.0 0.8 0.6 FDC 0.4 Etisalat 4G (UAE) Etisalat 3G (UAE) Vodafone 4G (Ireland) 0.2 Vodafone 3G (Ireland) Mint 4G (US) 0.0 Mint 3G (US) 0 1 10 Delta page size (MB)': '', '1.0 0.8 0.6 FDC 0.4 Etisalat 4G (UAE) Etisalat 3G (UAE) Vodafone 4G (Ireland) 0.2 Vodafone 3G (Ireland) Mint 4G (US) 0.0 Mint 3G (US) -1 0 1 10 Delta Speed Index (s)': '', 'col_2': '', 'col_3': '', 'col_4': '', 'col_5': 'Etisalat 3G (UAE', 'col_6': ')', '1.0 Etisalat 4G (UAE) Etisalat 3G (UAE) 0.8 Vodafone 4G (Ireland) Vodafone 3G (Ireland) Mint 4G (US) 0.6 FDC Mint 3G (US) 0.4 0.2 0.0 -1 0 1 10 Delta page load time (s)': '', 'Etisa': '', 'lat 4G': '', '(UAE)': '', 'col_11': '', 'col_12': '', 'col_13': ''}",,,,,,,Etisalat 3G (UAE
muzeel,13,record,,"{'1.0 0.8 0.6 FDC 0.4 Etisalat 4G (UAE) Etisalat 3G (UAE) Vodafone 4G (Ireland) 0.2 Vodafone 3G (Ireland) Mint 4G (US) 0.0 Mint 3G (US) 0 1 10 Delta page size (MB)': '', '1.0 0.8 0.6 FDC 0.4 Etisalat 4G (UAE) Etisalat 3G (UAE) Vodafone 4G (Ireland) 0.2 Vodafone 3G (Ireland) Mint 4G (US) 0.0 Mint 3G (US) -1 0 1 10 Delta Speed Index (s)': '', 'col_2': '', 'col_3': '', 'col_4': '', 'col_5': 'Vodafone 4G (Ire', 'col_6': 'land)', '1.0 Etisalat 4G (UAE) Etisalat 3G (UAE) 0.8 Vodafone 4G (Ireland) Vodafone 3G (Ireland) Mint 4G (US) 0.6 FDC Mint 3G (US) 0.4 0.2 0.0 -1 0 1 10 Delta page load time (s)': '', 'Etisa': '', 'lat 4G': '', '(UAE)': '', 'col_11': '', 'col_12': '', 'col_13': ''}",,,,,,,Vodafone 4G (Ire
muzeel,13,record,,"{'1.0 0.8 0.6 FDC 0.4 Etisalat 4G (UAE) Etisalat 3G (UAE) Vodafone 4G (Ireland) 0.2 Vodafone 3G (Ireland) Mint 4G (US) 0.0 Mint 3G (US) 0 1 10 Delta page size (MB)': '', '1.0 0.8 0.6 FDC 0.4 Etisalat 4G (UAE) Etisalat 3G (UAE) Vodafone 4G (Ireland) 0.2 Vodafone 3G (Ireland) Mint 4G (US) 0.0 Mint 3G (US) -1 0 1 10 Delta Speed Index (s)': '', 'col_2': '', 'col_3': '', 'col_4': '', 'col_5': 'Vodafone 3G (Ire', 'col_6': 'land)', '1.0 Etisalat 4G (UAE) Etisalat 3G (UAE) 0.8 Vodafone 4G (Ireland) Vodafone 3G (Ireland) Mint 4G (US) 0.6 FDC Mint 3G (US) 0.4 0.2 0.0 -1 0 1 10 Delta page load time (s)': '', 'Etisa': '', 'lat 4G': '', '(UAE)': '', 'col_11': '', 'col_12': '', 'col_13': ''}",,,,,,,Vodafone 3G (Ire
muzeel,13,record,,"{'1.0 0.8 0.6 FDC 0.4 Etisalat 4G (UAE) Etisalat 3G (UAE) Vodafone 4G (Ireland) 0.2 Vodafone 3G (Ireland) Mint 4G (US) 0.0 Mint 3G (US) 0 1 10 Delta page size (MB)': '', '1.0 0.8 0.6 FDC 0.4 Etisalat 4G (UAE) Etisalat 3G (UAE) Vodafone 4G (Ireland) 0.2 Vodafone 3G (Ireland) Mint 4G (US) 0.0 Mint 3G (US) -1 0 1 10 Delta Speed Index (s)': '', 'col_2': '', 'col_3': '', 'col_4': '', 'col_5': 'Mint 4G (US)', 'col_6': '', '1.0 Etisalat 4G (UAE) Etisalat 3G (UAE) 0.8 Vodafone 4G (Ireland) Vodafone 3G (Ireland) Mint 4G (US) 0.6 FDC Mint 3G (US) 0.4 0.2 0.0 -1 0 1 10 Delta page load time (s)': '', 'Etisa': '', 'lat 4G': '', '(UAE)': '', 'col_11': '', 'col_12': '', 'col_13': ''}",,,,,,,Mint 4G (US)
muzeel,13,record,,"{'1.0 0.8 0.6 FDC 0.4 Etisalat 4G (UAE) Etisalat 3G (UAE) Vodafone 4G (Ireland) 0.2 Vodafone 3G (Ireland) Mint 4G (US) 0.0 Mint 3G (US) 0 1 10 Delta page size (MB)': '', '1.0 0.8 0.6 FDC 0.4 Etisalat 4G (UAE) Etisalat 3G (UAE) Vodafone 4G (Ireland) 0.2 Vodafone 3G (Ireland) Mint 4G (US) 0.0 Mint 3G (US) -1 0 1 10 Delta Speed Index (s)': '', 'col_2': '', 'col_3': '', 'col_4': '', 'col_5': 'Mint 3G (US)', 'col_6': '', '1.0 Etisalat 4G (UAE) Etisalat 3G (UAE) 0.8 Vodafone 4G (Ireland) Vodafone 3G (Ireland) Mint 4G (US) 0.6 FDC Mint 3G (US) 0.4 0.2 0.0 -1 0 1 10 Delta page load time (s)': '', 'Etisa': '', 'lat 4G': '', '(UAE)': '', 'col_11': '', 'col_12': '', 'col_13': ''}",,,,,,,Mint 3G (US)
muzeel,14,record,row_0,"{'col_0': '', 'col_1': '', 'Etisalat 4G (UAE)': 'Etisalat 3G (UAE)'}",,,,Etisalat 3G (UAE),N/A,N/A,N/A
muzeel,14,record,row_1,"{'col_0': '', 'col_1': '', 'Etisalat 4G (UAE)': 'Vodafone 4G (Ireland)'}",,,,Vodafone 4G (Ireland),N/A,N/A,N/A
muzeel,14,record,row_2,"{'col_0': '', 'col_1': '', 'Etisalat 4G (UAE)': 'Vodafone 3G (Ireland)'}",,,,Vodafone 3G (Ireland),N/A,N/A,N/A
muzeel,14,record,row_3,"{'col_0': '', 'col_1': '', 'Etisalat 4G (UAE)': 'Mint 4G (US)'}",,,,Mint 4G (US),N/A,N/A,N/A
muzeel,14,record,row_4,"{'col_0': '', 'col_1': '', 'Etisalat 4G (UAE)': 'Mint 3G (US)'}",,,,Mint 3G (US),N/A,N/A,N/A
